App_Name,Adam_ID,Categories,Additional_Info,iTunes_URL
10 Frame Fill,418083871,19,,https://itunes.apple.com/us/app/10-frame-fill/id418083871?mt=8
123 Genius First Numbers & Counting Game for Kids,717296618,19,,https://itunes.apple.com/us/app/123-genius-first-numbers-counting-game-for-kids/id717296618?mt=8
"2D - Paint, Draw, Sketch, Collage",861847280,8,,https://itunes.apple.com/US/app/id861847280?mt=8
3 Minute Mindfulness,982502810,"10, a, d",,https://itunes.apple.com/us/app/3-minute-mindfulness/id982502810?mt=8
Abilipad,435865000,"5, a, h",,https://itunes.apple.com/us/app/abilipad/id435865000?mt=8
All Add Up,628142196,19,,https://itunes.apple.com/us/app/all-add-up/id628142196?mt=8
Amazing Coin(USD): Educational Money learning & counting games for kids free,495887877,19,,https://itunes.apple.com/us/app/amazing-coin-usd-educational/id495887877?mt=8
Amazing World Atlas by Lonely Planet Kids,935556615,13,e-book,https://itunes.apple.com/us/book/the-kids-amazing-world-atlas/id935556615?mt=11
"Animate Me:School Edition 
",935214461,8,,https://itunes.apple.com/us/app/animate-me-school-edition/id935214461?mt=8
ASL Translator,421784745,"16, a, g",,https://itunes.apple.com/us/app/asl-translator/id421784745?mt=8
Attributes by Math Doodles,989198394,19,,https://itunes.apple.com/us/app/attributes-by-math-doodles/id989198394?mt=8
Baby Bubbles,842788895,10,,https://itunes.apple.com/us/app/baby-bubbles-free-ad-free-bubble-popping-game-for-infants/id842788895?mt=8
Baby's Musical Hands,447815630,12,,https://itunes.apple.com/us/app/babys-musical-hands/id447815630?mt=8
Barefoot World Atlas,489221652,"13, a",,https://itunes.apple.com/us/app/barefoot-world-atlas/id489221652?mt=8
Bedtime Math,637910701,19,,https://itunes.apple.com/us/app/bedtime-math/id637910701?mt=8
Best Sand Timer,501940934,2,,https://itunes.apple.com/us/app/best-sand-timer/id501940934?mt=8
"Bitsboard - Education, Games, and Flash Cards App",516842210,"18, h",Bitsboard Pro  also available,https://itunes.apple.com/us/app/bitsboard-education-games-and-flash-cards-app/id516842210?mt=8
Bitsboard PRO - Flashcards & Educational Games App,646240375,"18, h",Bitsboard (Free) also available,https://itunes.apple.com/us/app/bitsboard-pro-flashcards-educational-games-app/id646240375?mt=8
Bloom HD,373957864,"12, d",,https://itunes.apple.com/us/app/bloom-hd/id373957864?mt=8
Book Creator for iPad,442378070,"5, c, h",Book Creator One (Free) also available,https://itunes.apple.com/us/app/book-creator-for-ipad/id442378070?mt=8
Books,364709193,"7, a, b, d, g",,https://itunes.apple.com/us/app/ibooks/id364709193?mt=8
Breathe2Relax,425720246,10,,https://itunes.apple.com/us/app/breathe2relax/id425720246?mt=8
Breathing Zone,369838631,"10, a, d",,https://itunes.apple.com/us/app/breathing-zone/id369838631?mt=8
"Britannica Kids: Coral Reefs
",571023443,"11, a",,https://itunes.apple.com/us/app/britannica-kids-coral-reefs/id571023443?mt=8
Buddy’s Timer,526669062,"2, a, d",,https://itunes.apple.com/us/app/buddys-timer-buddys-aba-apps/id526669062?mt=8
Candy Count,1076098682,19,,https://itunes.apple.com/us/app/candy-count/id1076098682?mt=8
CandyBot,976708219,19,,https://itunes.apple.com/us/app/candybot/id976708219?mt=8
CandyDepot,690027609,19,,https://itunes.apple.com/us/app/candydepot/id690027609?mt=8
CandyFactory Educational Game for iPad,533213891,19,,https://itunes.apple.com/us/app/candyfactory-educational-game/id533213891?mt=8
ChatterPix Kids,734046126,"8, 9",,https://itunes.apple.com/us/app/chatterpix-kids-by-duck-duck-moose/id734046126?mt=8
Chicken Coop Fraction Games,484561886,19,,https://itunes.apple.com/us/app/chicken-coop-fraction-games/id484561886?mt=8
Childrens Countdown Timer,541364004,2,,https://itunes.apple.com/us/app/childrens-countdown-timer/id541364004?mt=8
Choiceworks,486210964,"1, a,  d, h",,https://itunes.apple.com/us/app/choiceworks/id486210964?mt=8
Clicker Communication,932822854,"3, h",,https://itunes.apple.com/us/app/clicker-communicator-aac/id932822854?mt=8
Clicker Connect,787247539,"5, c, h",,https://itunes.apple.com/us/app/clicker-connect/id787247539?mt=8
Clicker Sentences,575603433,"5, c, h",,https://itunes.apple.com/us/app/clicker-sentences/id575603433?mt=8
Clock,999999999,2,,n/a
Co:Writer,915105799,"4, c",,https://itunes.apple.com/us/app/co-writer-universal/id915105799?mt=8
Color Binoculars,1076721983,"17, a, f",,https://itunes.apple.com/us/app/color-binoculars-a-microsoft-garage-project/id1076721983?mt=8
Comic Life 3,891378056,"a, h",,https://itunes.apple.com/us/app/comic-life-3/id891378056?mt=8
Conversation Builder,413939366,"18, a, c",,https://itunes.apple.com/us/app/conversationbuilder/id413939366?mt=8
Count Money !,517571875,19,,https://itunes.apple.com/us/app/count-money/id517571875?mt=8
Count Sort,426876762,19,,https://itunes.apple.com/us/app/count-sort/id426876762?mt=8&uo=4
Counting Money,469420537,19,,https://itunes.apple.com/us/app/counting-money/id469420537?mt=8&uo=4
Creatales,1040106443,8,,https://itunes.apple.com/us/app/creatales/id1040106443?mt=8
Create a Series - Arrange items in a sequence,1135867219,14,,https://itunes.apple.com/us/app/create-a-series-arrange-items-in-a-sequence/id1135867219?mt=8
Cursive Writing Wizard,757843896,18,,https://itunes.apple.com/us/app/cursive-writing-wizard/id757843896?mt=8
Cut the Buttons,474138682,6,,https://itunes.apple.com/us/app/cut-the-buttons/id474138682?mt=8
Cut the Rope: Magiс GOLD,1044677336,6,,https://itunes.apple.com/us/app/cut-the-rope-magi%D1%81-gold/id1044677336?mt=8
Desmos Graphing Calculator,653517540,"15, a",,https://itunes.apple.com/dm/app/desmos-graphing-calculator/id653517540?mt=8
Dice,429412843,19,,https://itunes.apple.com/us/app/dice/id429412843?mt=8
Differ By Kind - Find the visually odd one out,1186207345,14,,https://itunes.apple.com/us/app/differ-by-kind-find-the-visually-odd-one-out/id1186207345?mt=8
Dollars & Cents,560535732,"a, h",,https://itunes.apple.com/us/app/attainments-dollars-cents/id560535732?mt=8
Dolphin EasyReader,1161662515,"7, b",,https://itunes.apple.com/us/app/dolphin-easyreader/id1161662515?mt=8
Domino 10 Frame,635733821,19,,https://itunes.apple.com/us/app/domino-10-frame/id635733821?mt=8
Domino Addition,912574293,19,,https://itunes.apple.com/us/app/domino-addition/id912574293?mt=8
Dragon Shapes - Lumio Geometry Challenge,658791693,19,,https://itunes.apple.com/us/app/dragon-shapes-lumio-geometry-challenge/id658791693?mt=8&uo=4
DragonBox Algebra 5+,522069155,19,,https://itunes.apple.com/us/app/dragonbox-algebra-5/id522069155?mt=8
DragonBox Elements - Geometry,875267105,19,,https://itunes.apple.com/us/app/dragonbox-elements-geometry/id875267105?mt=8
DragonBox Numbers,1005050125,19,,https://itunes.apple.com/us/app/dragonbox-numbers/id1005050125?mt=8
Draw and Tell HD,504752087,"9, a",,https://itunes.apple.com/us/app/draw-and-tell-hd-by-duck-duck-moose/id504752087?mt=8
Duck Duck Moose Reading HD,573696065,14,,https://itunes.apple.com/us/app/duck-duck-moose-reading/id573696065?mt=8
Easy Dyslexia Aid: Dyslexic & Dysgraphia Support,1088194043,"a, b",,https://itunes.apple.com/us/app/easy-dyslexia-aid-dyslexic-dysgraphia-support/id1088194043?mt=8
Educational ZoLO Creative Play Sculpture for Ipad,623878523,9,,https://itunes.apple.com/us/app/educational-zolo-creative-play-sculpture-for-ipad-original/id623878523?mt=8
Educreations,478617061,"8, a",,https://itunes.apple.com/us/app/educreations-interactive-whiteboard/id478617061?mt=8
"Electricity Magnetism HD
",894907222,11,,https://itunes.apple.com/us/app/electricity-magnetism-hd/id894907222?mt=8
Endless Alphabet,591626572,14,,https://itunes.apple.com/us/app/endless-alphabet/id591626572?mt=8
Endless Reader: School Ed.,873347064,14,,https://itunes.apple.com/us/app/endless-reader-school-ed/id873347064?mt=8
Endless Wordplay: School Ed.,960800696,14,,https://itunes.apple.com/us/app/endless-wordplay-school-ed/id960800696?mt=8
Epic!,719219382,"7, a, b",,https://itunes.apple.com/us/app/epic-unlimited-books-for-kids/id719219382?mt=8
Equivalent Fractions HD,1103810247,19,,https://itunes.apple.com/us/app/equivalent-fractions-hd/id1103810247?mt=8
Explain Everything Whiteboard,431493086,a,,https://itunes.apple.com/us/app/explain-everything-interactive/id431493086?mt=8
Fact Triangles,440534858,19,,https://itunes.apple.com/us/app/fact-triangles/id440534858?mt=8
Factor POP!!,468061717,19,,https://itunes.apple.com/us/app/factor-pop/id468061717?mt=8
Farm Games Animal Games for Kids Puzzles for Kids,1069879217,14,,https://itunes.apple.com/us/app/farm-games-animal-games-for-kids-puzzles-for-kids/id1069879217?mt=8
Fill the Matrix - Place items in the correct cells,1135867233,14,,https://itunes.apple.com/us/app/fill-the-matrix-place-items-in-the-correct-cells/id1135867233?mt=8
Fingerpaint Magic,586165483,9,,https://itunes.apple.com/us/app/fingerpaint-magic/id586165483?mt=8
Fingerpaint Magic,586165483,10,,https://itunes.apple.com/us/app/fingerpaint-magic/id586165483?mt=8
Firedrake's Gems,687726949,19,,https://itunes.apple.com/us/app/firedrakes-gems/id687726949?mt=8
First Then Visual Schedule HD,624035410,"1, a, d, h",,https://itunes.apple.com/us/app/first-then-visual-schedule-hd/id624035410?mt=8
Fish School HD - by Duck Duck Moose,367567922,14,,https://itunes.apple.com/us/app/fish-school-hd-by-duck-duck-moose/id367567922?mt=8
Fix Machine Lite: Physics game,596062821,6,,https://itunes.apple.com/us/app/fix-machine-lite-physics-game/id596062821?mt=8
"Flip Writer AAC - Unique Supports for Speech, Hear",946640730,"3, 16",,https://itunes.apple.com/us/app/flip-writer-aac-unique-supports-for-speech-hearing/id946640730?mt=8
Fluid 2,317959717,"10, d",,https://itunes.apple.com/us/app/fluid-2/id317959717?mt=8
Fluid dynamics,382274493,"10, d",,https://itunes.apple.com/us/app/fluid-dynamics/id382274493?mt=8
fluidity HD,399403909,"10, d",,https://itunes.apple.com/us/app/fluidity-hd/id399403909?mt=8
Food Web,565839214,11,,https://itunes.apple.com/us/app/food-web/id565839214?mt=8
Four In A Row - Classic Games,604921715,6,,https://itunes.apple.com/us/app/four-in-a-row-classic-games/id604921715?mt=8
GarageBand,408709785,"12, a",,https://itunes.apple.com/us/app/garageband/id408709785?mt=8
GBoard,1091700242,4,,https://itunes.apple.com/us/app/gboard/id1091700242?mt=8
"Geoboard, by The Math Learning Center",519896952,19,,https://itunes.apple.com/us/app/geoboard-by-the-math-learning-center/id519896952?mt=8
Google Docs,842842640,5,,https://itunes.apple.com/us/app/google-docs/id842842640?mt=8
Google Earth,293622097,a,,https://itunes.apple.com/us/app/google-earth/id293622097?mt=8
GoWorksheet,1074020582,5,,https://itunes.apple.com/us/app/goworksheet-maker/id1074020582?mt=8
GoWorksheet Maker,1074020582,5,,https://itunes.apple.com/us/app/goworksheet-maker/id1074020582?mt=8
Grade Hound - Student Planner and Organizer,679458942,1,,https://itunes.apple.com/us/app/study-cal-student-planner/id679458942?mt=8
Grandpa's Toy Shop,1157494807,6,,https://itunes.apple.com/us/app/grandpas-toy-shop/id1157494807?mt=8
Grandpa's Workshop,555310530,6,,https://itunes.apple.com/us/app/grandpas-workshop/id555310530?mt=8
Habitica: Gamified Taskmanager,994882113,1,,https://itunes.apple.com/us/app/habitica-gamified-taskmanager/id994882113?mt=8
Handwriting Without Tears: Wet-Dry-Try for Capital,548753732,18,,https://itunes.apple.com/us/app/handwriting-without-tears-wet-dry-try-for-capitals/id548753732?mt=8
"Happy Valley Friends: Letters, Numbers, and Shapes",1063663950,14,,https://itunes.apple.com/us/app/happy-valley-friends-letters-numbers-and-shapes/id1063663950?mt=8
Heat Pad - Relaxing Heat Sensitive Surface!,445627681,10,,https://itunes.apple.com/us/app/heat-pad-relaxing-heat-sensitive-surface/id445627681?mt=8
Highlights Monster Day,1112162323,8,,https://itunes.apple.com/us/app/highlights-monster-day/id1112162323?mt=8
Highlights™ Shapes,1127726827,8,,https://itunes.apple.com/us/app/highlights-shapes/id1127726827?mt=8
I imagine,771569926,8,,https://itunes.apple.com/us/app/i-imagine/id771569926?mt=8
iMovie,377298193,"8, a, c",,https://itunes.apple.com/us/app/imovie/id377298193?mt=8
Inspiration Maps,510031612,"5, a",,https://itunes.apple.com/us/app/inspiration-maps/id510031612?mt=8
Interactive Telling Time Pro,477389150,19,,https://itunes.apple.com/us/app/interactive-telling-time-pro/id477389150?mt=8
"i-nigma QR Code, Data Matrix and 1D barcode reader",388923203,a,,https://itunes.apple.com/us/app/i-nigma-qr-code-data-matrix-and-1d-barcode-reader/id388923203?mt=8
iStudiez Pro Legendary Planner,310636441,d,,https://itunes.apple.com/us/app/istudiez-pro-homework-schedule/id310636441?mt=8
iTranslate,288113403,4,,https://itunes.apple.com/us/app/itranslate-translator/id288113403?mt=8
Itsy Bitsy Spider HD - by Duck Duck Moose,378995141,"14, h",,https://itunes.apple.com/us/app/itsy-bitsy-spider-hd-by-duck-duck-moose/id378995141?mt=8
iTunes U,490217893,a,,https://itunes.apple.com/us/app/itunes-u/id490217893?mt=8
Jump Numbers,1073602039,19,,https://itunes.apple.com/us/app/jump-numbers/id1073602039?mt=8
Keedogo,915829477,4,,https://itunes.apple.com/us/app/keedogo-keyboard-for-preschool/id915829477?mt=8
Keedogo Plus,918496636,4,,https://itunes.apple.com/us/app/keedogo-plus-keyboard-for-education/id918496636?mt=8
Keynote,361285480,"1, 5, a, c",,https://itunes.apple.com/us/app/keynote/id361285480?mt=8
Khan Academy,469863705,a,,https://itunes.apple.com/us/app/khan-academy-you-can-learn/id469863705?mt=8
Kids A-Z,474207297,h,Requires Learning A-Z subscription(s),https://itunes.apple.com/us/app/kids-a-z/id474207297?mt=8
Laugh & Learn™ Learning Letters Monkey App,525811595,14,,https://itunes.apple.com/us/app/laugh-learn-learning-letters-monkey-app/id525811595?mt=8
Learn Colors App Shapes Preschool Games for Kids,711246884,14,,https://itunes.apple.com/us/app/learn-colors-app-shapes-preschool-games-for-kids/id711246884?mt=8
Learns the colors - Buddy's ABA Apps,516516833,14,,https://itunes.apple.com/jp/app/learns-the-colors-buddys-aba-apps/id516516833?l=en&mt=8
LEGO® Creator Islands,893521440,6,,https://itunes.apple.com/us/app/lego-creator-islands/id893521440?mt=8
LEGO® DUPLO® Train,668416040,6,,https://itunes.apple.com/us/app/lego-duplo-train/id668416040?mt=8
Lily - Playful Music Creation,1135596302,12,,https://itunes.apple.com/us/app/lily-playful-music-creation/id1135596302?mt=8
Line 'em Up,419041848,19,,https://itunes.apple.com/us/app/line-em-up/id419041848?mt=8&uo=4
Lobster Diver HD,416610863,19,,https://itunes.apple.com/us/app/lobster-diver-hd/id416610863?mt=8
Long Division Touch,574226151,"15, a",,https://itunes.apple.com/us/app/long-division-touch/id574226151?mt=8
Make 10 Plus,630033796,19,,https://itunes.apple.com/us/app/make-10-plus/id630033796?mt=8&uo=4
Make Another Number Sentence,1075451154,19,,https://itunes.apple.com/us/app/make-another-number-sentence/id1075451154?mt=8
Makers Empire 3D,867338125,9,,https://itunes.apple.com/us/app/makers-empire-3d-3d-modeling/id867338125?mt=8
Marlee Signs,566054855,"16, g",,https://itunes.apple.com/us/app/marlee-signs/id566054855?mt=8
Match & Find,833434155,14,,https://itunes.apple.com/us/app/match-find/id833434155?mt=8
Match & Learn The Professions,1003850624,14,,https://itunes.apple.com/us/app/match-and-learn-the-professions-by-petita-demas/id1003850624?mt=8
Match-Up Multiplication,344993057,19,,https://itunes.apple.com/us/app/match-up-multiplication/id344993057?mt=8
Math Keyboard,917470088,4,,https://itunes.apple.com/us/app/the-math-keyboard/id917470088?mt=8
Math Slide: addition & subtraction,588603890,19,,https://itunes.apple.com/us/app/math-slide-addition-subtraction/id588603890?mt=8&uo=4
"Math Slide: hundreds, tens & ones",586366338,19,,https://itunes.apple.com/us/app/math-slide-tens-ones/id586366338?mt=8&uo=4
Math Slide: multiplication & division,588829554,19,,https://itunes.apple.com/us/app/math-slide-multiplication/id588829554?mt=8
Math Slide: tens & ones,586366338,19,,https://itunes.apple.com/us/app/math-slide-tens-ones/id586366338?mt=8&uo=4
Mathsterious Mansion,834068236,19,,https://itunes.apple.com/us/app/mathsterious-mansion/id834068236?mt=8
MathTappers: ClockMaster - a math game to help children learn to read clocks,336932114,19,,https://itunes.apple.com/us/app/mathtappers-clockmaster-math/id336932114?mt=8
MathTappers: Equivalents,446293651,19,,https://itunes.apple.com/us/app/mathtappers-equivalents/id446293651?mt=8
MathTappers: Estimate Fractions - a math game to h,353282053,19,,https://itunes.apple.com/us/app/mathtappers-estimate-fractions-math-game-to-help-children/id353282053?mt=8
MathTappers: Find Sums – a math game to help children learn basic facts for addition and subtraction,353582286,19,,https://itunes.apple.com/us/app/mathtappers-find-sums-math/id353582286?mt=8&uo=4
MathTappers: Multiples - a math game to help child,371520443,19,,https://itunes.apple.com/us/app/mathtappers-multiples-math-game-to-help-children-learn/id371520443?mt=8
"MathTappers: Numberline - a math game to help children learn whole numbers, integers & real numbers",463632109,19,,https://itunes.apple.com/us/app/mathtappers-numberline-math/id463632109?mt=8
Missing Numbers,558503715,19,,https://itunes.apple.com/us/app/missing-numbers/id558503715?mt=8
"Money Pieces, by the Math Learning Center",1055394278,19,,https://itunes.apple.com/us/app/money-pieces-by-the-math-learning-center/id1055394278?mt=8
Monkey Preschool Explorers,888424846,14,,https://itunes.apple.com/us/app/monkey-preschool-explorers/id888424846?mt=8
Monkey Preschool Fix-It,695888236,14,,https://itunes.apple.com/us/app/monkey-preschool-fix-it/id695888236?mt=8
Monkey Preschool Lunchbox,328205875,14,,https://itunes.apple.com/us/app/monkey-preschool-lunchbox/id328205875?mt=8
MonsterMe by MonsterCreate,1016620501,9,,https://itunes.apple.com/us/app/monsterme-by-monstercreate/id1016620501?mt=8
Montessori 1st Operations - addition & subtraction,627950311,14,,https://itunes.apple.com/us/app/montessori-1st-operations-addition-subtraction-made/id627950311?mt=8
Montessori Crosswords - Fun Phonics Game for Kids,384334005,"14, h",,https://itunes.apple.com/us/app/montessori-crosswords-fun-phonics-game-for-kids/id384334005?mt=8
"Montessori for kids, A preschool game to teach you",949784506,14,,https://itunes.apple.com/us/app/montessori-for-kids-preschool-game-to-teach-your-child/id949784506?mt=8
Montessori Geometry - Recognize and learn shapes,544726604,14,,https://itunes.apple.com/us/app/montessori-geometry-recognize-and-learn-shapes/id544726604?mt=8
Montessori Math City,913211287,14,,https://itunes.apple.com/us/app/montessori-math-city/id913211287?mt=8
Montessori Math: Add & Subtract Large Numbers,661156236,14,,https://itunes.apple.com/us/app/montessori-math-add-subtract-large-numbers/id661156236?mt=8
Montessori Math: Multiplication,847522661,14,,https://itunes.apple.com/us/app/montessori-math-multiplication/id847522661?mt=8
Montessori Number Sequencing,490718968,14,,https://itunes.apple.com/us/app/montessori-number-sequencing/id490718968?mt=8
Montessori Numberland,388154228,14,,https://itunes.apple.com/us/app/montessori-numberland/id388154228?mt=8
Montessori Numbers - Learn to Count from 1 to 1000,547209737,14,,https://itunes.apple.com/us/app/montessori-numbers-learn-to-count-from-1-to-1000-other/id547209737?mt=8
Montessori Preschool,1138436619,14,,https://itunes.apple.com/us/app/montessori-preschool/id1138436619?mt=8
Montessorium: Intro to Colors,630682398,14,,https://itunes.apple.com/us/app/montessorium-intro-to-colors/id630682398?mt=8
Moose Math - by Duck Duck Moose,660345152,19,,https://itunes.apple.com/us/app/moose-math-by-duck-duck-moose/id660345152?mt=8
Mosaics - Arrange colorful pieces to form a mosaic,1186205878,14,,https://itunes.apple.com/us/app/mosaics-arrange-colorful-pieces-to-form-a-mosaic/id1186205878?mt=8
Motion Math,1300888687,19,,https://itunes.apple.com/us/app/motion-math/id1300888687?mt=8
Motion Math: Hungry Fish,483049169,19,,https://itunes.apple.com/us/app/motion-math-hungry-fish/id483049169?mt=8
Motion Math: Hungry Guppy Edu,1101336331,19,,https://itunes.apple.com/us/app/motion-math-hungry-guppy-edu/id1101336331?mt=8
Motion Math: Zoom,451793073,19,,https://itunes.apple.com/us/app/motion-math-zoom/id451793073?mt=8
Music Sparkles - Full Version,493866341,12,,https://itunes.apple.com/us/app/music-sparkles-full-version/id493866341?mt=8
Musical Me! HD - by Duck Duck Moose,443357943,"12, a, h",,https://itunes.apple.com/us/app/musical-me-hd-by-duck-duck-moose/id443357943?mt=8
Musical Paint For Kids,577535521,12,,https://itunes.apple.com/us/app/musical-paint-for-kids/id577535521?mt=8
My First Keyboard,924324310,4,,https://itunes.apple.com/us/app/my-first-keyboard/id924324310?mt=8
My First Tangrams HD - A Wood Tangram Puzzle Game,512026838,19,,https://itunes.apple.com/us/app/my-first-tangrams-hd-wood-tangram-puzzle-game-for-kids/id512026838?mt=8
My Playhome,439628153,6,,https://itunes.apple.com/us/app/my-playhome/id439628153?mt=8
My Playhome School,922188121,6,,https://itunes.apple.com/us/app/my-playhome-school/id922188121?mt=8
My Playhome Stores,683942610,6,,https://itunes.apple.com/us/app/my-playhome-stores/id683942610?mt=8
My Talking Picture Board,586535395,17,,https://itunes.apple.com/us/app/my-talking-picture-board/id586535395?mt=8
My Town : Dance School,1112068171,6,,https://itunes.apple.com/us/app/my-town-dance-school/id1112068171?mt=8
My Town : Home Doll House,998176001,6,,https://itunes.apple.com/us/app/my-town-home-doll-house/id998176001?mt=8
myHomework Student Planner,303490844,1,,https://itunes.apple.com/us/app/myhomework-student-planner/id303490844?mt=8&ign-mpt=uo%3D4
MyScript Calculator,1304488725,a,,https://itunes.apple.com/us/app/myscript-calculator/id1304488725?mt=8
MyScript Stack,914007100,"4, a",,https://itunes.apple.com/us/app/myscript-stack-handwriting-keyboard/id914007100?mt=8
NASA,334325516,"11, a",,https://itunes.apple.com/us/app/nasa-app/id334325516?mt=8
Native Numbers - Complete Number Sense Mastery Curriculum,570231808,19,,https://itunes.apple.com/us/app/native-numbers-complete-number/id570231808?mt=8
News-2-You,602677864,h,,https://itunes.apple.com/us/app/news-2-you/id602677864?mt=8
Night Sky,475772902,11,,https://itunes.apple.com/us/app/night-sky/id475772902?mt=8
NodeBeat - Playful Music,428440804,"12, a",,https://itunes.apple.com/us/app/nodebeat-playful-music/id428440804?mt=8
Notability,360593530,"5, a, c",,https://itunes.apple.com/us/app/notability/id360593530?mt=8
Number Flash,610929803,19,,https://itunes.apple.com/us/app/number-flash/id610929803?mt=8
"Number Frames, by the Math Learning Center",873198123,19,,https://itunes.apple.com/us/app/number-frames-by-math-learning/id873198123?mt=8
"Number Pieces Basic, by the Math Learning Center",611452042,19,,https://itunes.apple.com/us/app/number-pieces-basic-by-math/id611452042?mt=8
"Number Rack, by The Math Learning Center",496057949,19,,https://itunes.apple.com/us/app/number-rack-by-math-learning/id496057949?mt=8
Number Tile Fill Up,1192863091,19,,https://itunes.apple.com/us/app/number-tile-fill-up/id1192863091?mt=8
Order of Operations by iDevBooks,813866558,19,,https://itunes.apple.com/us/app/order-of-operations-by-idevbooks/id813866558?mt=8
Pages,361309726,"5, a, c",,https://itunes.apple.com/us/app/pages/id361309726?mt=8
Pair By Kind - Match visually related items,1135858883,14,,https://itunes.apple.com/us/app/pair-by-kind-match-visually-related-items/id1135858883?mt=8
"Pair By Number - Match quantities and numbers
",1135861880,14,,https://itunes.apple.com/us/app/pair-by-number-match-quantities-and-numbers/id1135861880?mt=8
Panther Math paper,547090551,"15, a",,https://itunes.apple.com/us/app/panther-math-paper/id547090551?mt=8
Paper by FiftyThree,506003812,a,,https://itunes.apple.com/us/app/paper-by-fiftythree-sketch/id506003812?mt=8
Park Math HD - by Duck Duck Moose,403939208,"14, a",,https://itunes.apple.com/us/app/park-math-hd-by-duck-duck-moose/id403939208?mt=8
Partial Products Multiplication,351024135,19,,https://itunes.apple.com/us/app/partial-products-multiplication/id351024135?mt=8
Partial Quotients Division,351024352,19,,https://itunes.apple.com/us/app/partial-quotients-division/id351024352?mt=8
Pattern Sets,415152649,19,,https://itunes.apple.com/us/app/pattern-sets/id415152649?mt=8
"Pattern Shapes, by the Math Learning Center",908511013,19,,https://itunes.apple.com/us/app/pattern-shapes-by-math-learning/id908511013?mt=8
Patterns Colors and Shapes,454970436,19,,https://itunes.apple.com/us/app/patterns-colors-and-shapes/id454970436?mt=8
PBS KIDS Games,1050773989,14,,https://itunes.apple.com/us/app/pbs-kids-games/id1050773989?mt=8
PBS KIDS Kart Kingdom,1035753959,14,,https://itunes.apple.com/us/app/pbs-kids-kart-kingdom/id1035753959?mt=8
Peekaboo Barn,300590611,14,,https://itunes.apple.com/us/app/peekaboo-barn/id300590611?mt=8
Peppy Pals - Reggy's Play Date,1050927812,6,,https://itunes.apple.com/us/app/peppy-pals-reggys-play-date/id1050927812?mt=8
Peppy Pals Beach: SEL for kids,957106746,6,,https://itunes.apple.com/us/app/peppy-pals-beach-sel-for-kids/id957106746?mt=8
Photogene ⁴,363448251,8,,https://itunes.apple.com/us/app/photogene/id363448251?mt=8
Pic Collage - Photo Editor,448639966,"a, c",,https://itunes.apple.com/us/app/pic-collage-photo-editor-art/id448639966?mt=8
"PicCollage EDU - Collage Maker
",977081997,"a, c",,https://itunes.apple.com/us/app/pic-collage-for-kids-best/id977081997?mt=8
Pictello,397858008,"5, a, b, c, h",,https://itunes.apple.com/us/app/pictello/id397858008?mt=8
Place in Groups - Create groups of related items,1135861893,14,,https://itunes.apple.com/us/app/place-in-groups-create-groups-of-related-items/id1135861893?mt=8
Plum's Creaturizer,1031711558,9,,https://itunes.apple.com/us/app/plums-creaturizer/id1031711558?mt=8
Pocket Pond 2,498375421,10,,https://itunes.apple.com/us/app/pocket-pond-2/id498375421?mt=8
Podcasts,525463029,a,,https://itunes.apple.com/us/app/podcasts/id525463029?mt=8
PrepositionBuilder,413939528,"a, c",,https://itunes.apple.com/us/app/prepositionbuilder/id413939528?mt=8
Prizmo - Pro Scanner,366791896,"0, b","Multiple Language Support: 40+ Languages; Text Translation: Yes; Pic from Camera Roll: Yes; Recognize from Camera: Yes; Export to PDF: Yes; Other Export: Google Drive, Notability, Google Classroom, Email",https://itunes.apple.com/us/app/prizmo-pro-scanner/id366791896?mt=8
Prizmo Go - Instant Text OCR,1183367390,"0, b","Multiple Language Support: 10 Built-In; 22 Cloud; Text Translation: No; Pic from Camera Roll: Yes; Recognize from Camera: Yes; Export to PDF: No; Other Export: Google Classroom, Notability, Email",https://itunes.apple.com/us/app/prizmo-go-instant-text-ocr/id1183367390?mt=8
Proloquo2Go,308368164,"3, h",,https://itunes.apple.com/us/app/proloquo2go/id308368164?mt=8
Proloquo4Text,751646884,3,,https://itunes.apple.com/us/app/proloquo4text/id751646884?mt=8
Puppet Pals,342076546,8,,https://itunes.apple.com/us/app/puppet-pals-hd/id342076546?mt=8
Puzzle Pop HD - by Duck Duck Moose,479407696,14,,https://itunes.apple.com/us/app/puzzle-pop-hd-by-duck-duck-moose/id479407696?mt=8
Qrafter - QR Code,416098700,a,,https://itunes.apple.com/us/app/qrafter-qr-code-barcode-reader/id416098700?mt=8
Read2Go,425585903,"7, b",,https://itunes.apple.com/us/app/read2go/id425585903?mt=8
Readiris,465616942,"0, f","Multiple Language Support: 120+ Languages; Text Translation: No; Pic from Camera Roll: Yes; Recognize from Camera: Yes; Export to PDF: Yes; Other Export: Google Drive, Google Classroom, Notability, Email",https://itunes.apple.com/us/app/readiris/id465616942?mt=8
"Recordium Highlight - voice recorder, take notes and memos",843264511,"a, b, f",,https://itunes.apple.com/us/app/recordium-highlight-voice/id843264511?mt=8
Remember The Milk,293561396,1,,https://itunes.apple.com/us/app/remember-the-milk/id293561396?mt=8&uo=4
Rhyming Words Center,1171503200,14,,https://itunes.apple.com/us/app/rhyming-words-center/id1171503200?mt=8
Rhythm Cat Pro HD - Learn To Read Music,583711348,12,,https://itunes.apple.com/us/app/rhythm-cat-pro-hd-learn-to-read-music/id583711348?mt=8
Rocket Speller,492504689,18,,https://itunes.apple.com/us/app/rocket-speller/id492504689?mt=8
Same Same - Match identical items,1135853830,14,,https://itunes.apple.com/us/app/same-same-match-identical-items/id1135853830?mt=8
Scan & Translate+ - ocr Image scanner & translator,845139175,0,"Multiple Language Support: 70+ Languages; Text Translation: Yes; Pic from Camera Roll: Yes; Recognize from Camera: Yes; Export to PDF: No; Other Export: Google Classroom, Notability, Email",https://itunes.apple.com/us/app/scan-translate-ocr-image-scanner-translator/id845139175?mt=8
Science360,439928181,a,,https://itunes.apple.com/us/app/science360-for-ipad/id439928181?mt=8
See. Touch. Learn.,406826506,1,,https://itunes.apple.com/us/app/see-touch-learn/id406826506?mt=8
Seedling Comic Studio,1034521018,8,,https://itunes.apple.com/us/app/seedling-comic-studio/id1034521018?mt=8
Sensory Electra,639580740,10,,https://itunes.apple.com/us/app/sensory-electra/id639580740?mt=8
Sensory iMeba,639593854,10,,https://itunes.apple.com/us/app/sensory-imeba/id639593854?mt=8
Sensory Just Touch,649331809,10,,https://itunes.apple.com/gb/app/sensory-just-touch/id649331809?mt=8
Sensory Magma,647810604,10,,https://itunes.apple.com/us/app/sensory-magma/id647810604?mt=8
Sensory Room,814529452,10,,https://itunes.apple.com/us/app/sensory-room/id814529452?mt=8
SentenceBuilder™ for iPad,364197515,"18, a, c",,https://itunes.apple.com/us/app/sentencebuilder-for-ipad/id364197515?mt=8
Shadow Puppets Edu,888504640,8,,https://itunes.apple.com/us/app/shadow-puppet-edu/id888504640?mt=8
ShowMe Interactive Whiteboard,445066279,"8, a",,https://itunes.apple.com/us/app/showme-interactive-whiteboard/id445066279?mt=8
Sign 4 Me for iPad - A Signed English Translator,312882992,"16, a, g",,https://itunes.apple.com/us/app/sign-4-me/id312882992?mt=8
SimplePhysics,408233979,6,,https://itunes.apple.com/us/app/simplephysics/id408233979?mt=8
Signed Stories,550966811,"16, a, g",,https://itunes.apple.com/us/app/signed-stories/id550966811?mt=8
Singing Fingers HD,424724387,12,,https://itunes.apple.com/us/app/singing-fingers-hd/id424724387?mt=8
SkyView Lite,413936865,"11, a",,https://itunes.apple.com/us/app/skyview-lite/id413936865?mt=8
Snap + Core First Full,1257753762,3,,https://itunes.apple.com/us/app/snap-core-first-full/id1257753762?mt=8
Snap&Read,1179522220,"0, a, b",Multiple Language Support: No; Text Translation: No; Pic from Camera Roll: Yes; Recognize from Camera: Yes,https://itunes.apple.com/us/app/snap-read-universal/id1179522220?mt=8
SnapType,1124115982,5,,https://itunes.apple.com/us/app/snaptype/id1124115982?mt=8
SnapType Pro,1124123246,5,,https://itunes.apple.com/us/app/snaptype-pro/id1124123246?mt=8
Sock Puppets Complete,547666894,8,,https://itunes.apple.com/us/app/sock-puppets-complete/id547666894?mt=8
Socratic Math & Homework Help,1014164514,15,,https://itunes.apple.com/us/app/socratic-math-homework-help/id1014164514?mt=8
Sort By Kind - Sort visually related items,1135864577,14,,https://itunes.apple.com/us/app/sort-by-kind-sort-visually-related-items/id1135864577?mt=8
Sort By Nature - Sort logically related items,1135860570,14,,https://itunes.apple.com/us/app/pair-by-nature-match-logically-related-items/id1135860570?mt=8
SoundingBoard,390532167,"3, a, h",,https://itunes.apple.com/us/app/soundingboard/id390532167?mt=8
Split Box,611174553,19,,https://itunes.apple.com/us/app/split-box/id611174553?mt=8
Stack the States®,381342267,13,,https://itunes.apple.com/us/app/stack-the-states/id381342267?mt=8
Stack Up - Stack items bottom-up to build a tower,1135865797,14,,https://itunes.apple.com/us/app/stack-up-stack-items-bottom-up-to-build-a-tower/id1135865797?mt=8
Stage Pro: Interactive Whiteboard/Document Camera,714477455,8,,https://itunes.apple.com/us/app/stage-pro-interactive-whiteboard-document-camera/id714477455?mt=8
Starfall ABCs,395623983,14,,https://itunes.apple.com/us/app/starfall-abcs/id395623983?mt=8
Starfall FREE,707189889,14,,https://itunes.apple.com/us/app/starfall-free/id707189889?mt=8
Starfall Learn to Read,551817261,14,,https://itunes.apple.com/us/app/starfall-learn-to-read/id551817261?mt=8
Starry Night Interactive Animation,511943282,10,,https://itunes.apple.com/us/app/starry-night-interactive-animation/id511943282?mt=8
"Stop, Breathe & Think Kids",1215758068,"10, a, d",,https://itunes.apple.com/us/app/stop-breathe-think-kids/id1215758068?mt=8
Story Creator - Easy Story Book Maker for Kids,545369477,8,,https://itunes.apple.com/us/app/story-creator-easy-story-book-maker-for-kids/id545369477?mt=8
StoryBuilder for iPad,377631532,"8, a, c",,https://itunes.apple.com/us/app/storybuilder-for-ipad/id377631532?mt=8
Subitize This!,1125721532,19,,https://itunes.apple.com/us/app/subitize-this/id1125721532?mt=8
SwiftKey,911813648,4,,https://itunes.apple.com/us/app/swiftkey-keyboard/id911813648?mt=8
Symbol Reader,575587181,"7, a, b",SymbolSupport Also Available,https://itunes.apple.com/us/app/symbolreader/id575587181?mt=8
SymbolSupport,571654488,"5, 7, a, h",SymbolReader also available,https://itunes.apple.com/us/app/symbolsupport/id571654488?mt=8
Symmetry Exercises for Kids Lite,581373862,19,,https://itunes.apple.com/us/app/symmetry-exercises-for-kids-lite/id581373862?mt=8
Symmetry School: Learning Geometry,648579648,19,,https://itunes.apple.com/us/app/symmetry-school-learning-geometry/id648579648?mt=8
Table It!,971720005,1,,https://itunes.apple.com/us/app/table-it-students-special-needs-learn-to-organize-their/id971720005
Take a Break! - Meditations for Stress Relief,453857236,10,,https://itunes.apple.com/us/app/take-a-break-meditations-for-stress-relief/id453857236?mt=8
TallyTots Counting,424070269,19,,https://itunes.apple.com/us/app/tallytots-counting/id424070269?mt=8
TanZen HD - Relaxing tangram puzzles,363300963,19,,https://itunes.apple.com/us/app/tanzen-hd-relaxing-tangram/id363300963?mt=8
"Tap and learn ABC, Preschool game to learn alphabe",763405044,14,,https://itunes.apple.com/us/app/tap-learn-abc-preschool-game-to-learn-alphabet-phonics/id763405044?mt=8
Tap-n-See Now,491247565,17,,https://itunes.apple.com/us/app/tap-n-see-now/id491247565?mt=8
Tappy Alphabet-Fun Learning for Preschool Toddlers,820475165,14,,https://itunes.apple.com/us/app/tappy-alphabet-fun-learning-for-preschool-toddlers/id820475165?mt=8
TapQuiz Maps World Edition,424151065,13,,https://itunes.apple.com/us/app/tapquiz-maps-world-edition/id424151065?mt=8
TapSpeak Sequence Standard,379541810,3,,https://itunes.apple.com/us/app/tapspeak-sequence-standard/id379541810?mt=8
TapTapSee,567635020,"17, a, f",,https://itunes.apple.com/us/app/taptapsee/id567635020?mt=8
Teachers' Pack 1,588986286,14,,https://itunes.apple.com/us/app/teachers-pack-1/id588986286?mt=8
Teachers' Pack 2,687072252,14,,https://itunes.apple.com/us/app/teachers-pack-2/id687072252?mt=8
Teachley: Addimal Adventure,661286973,19,,https://itunes.apple.com/us/app/teachley-addimal-adventure/id661286973?mt=8&uo=4
Teachley: Fact Flyer,1068560210,19,,https://itunes.apple.com/us/app/teachley-fact-flyer/id1068560210?mt=8
Teachley: Mt. Multiplis,877699973,19,,https://itunes.apple.com/us/app/teachley-mt-multiplis/id877699973?mt=8
Teachley: Subtractimals,990584228,19,,https://itunes.apple.com/us/app/teachley-subtractimals/id990584228?mt=8
TED,376183339,a,,https://itunes.apple.com/us/app/ted/id376183339?mt=8
Telling Time - Photo Touch Game,442399018,19,,https://itunes.apple.com/us/app/telling-time-photo-touch-game/id442399018?mt=8
Ten Frame Mania,1018365345,19,,https://itunes.apple.com/us/app/ten-frame-mania/id1018365345?mt=8
TenseBuilder,427577382,"a, c",,https://itunes.apple.com/us/app/tensebuilder/id427577382?mt=8
The Lemonade Stand,574412697,19,,https://itunes.apple.com/us/app/the-lemonade-stand/id574412697?mt=8
The Zones of Regulation,610272864,"10, a, d",,https://itunes.apple.com/us/app/the-zones-of-regulation/id610272864?mt=8
The Zones of Regulation: Exploring Emotions,1059257336,"10, a, d",,https://itunes.apple.com/us/app/the-zones-of-regulation-exploring-emotions/id1059257336?mt=12
Thinking Blocks Addition,668450919,19,,https://itunes.apple.com/us/app/thinking-blocks-addition/id668450919?mt=8
Thinking Blocks Fractions,670767677,19,,https://itunes.apple.com/us/app/thinking-blocks-fractions/id670767677?mt=8
Thinking Blocks Multiplication,669725575,19,,https://itunes.apple.com/us/app/thinking-blocks-multiplication/id669725575?mt=8
Tiggly Addventure: Number Line Math Learning Game,923545246,19,,https://itunes.apple.com/us/app/tiggly-addventure-number-line-math-learning-game/id923545246?mt=8
Tiggly Cardtoons: 25 Interactive Counting Stories,923540012,19,,https://itunes.apple.com/us/app/tiggly-cardtoons-25-interactive-counting-stories/id923540012?mt=8
Tiggly Chef Addition: Preschool Math Cooking Game,923367559,19,,https://itunes.apple.com/us/app/tiggly-chef-addition-preschool-math-cooking-game/id923367559?mt=8
Tiggly Chef Subtraction: 1st Grade Math Game,1046592833,19,,https://itunes.apple.com/us/app/tiggly-chef-subtraction-1st-grade-math-game/id1046592833?mt=8
Tiggly Doctor: Spell Verbs and Perform Actions Lik,971257252,14,,https://itunes.apple.com/us/app/tiggly-doctor-spell-verbs-perform-actions-like-real/id971257252?mt=8
Tiggly Draw,718952421,9,,https://itunes.apple.com/us/app/tiggly-draw/id718952421?mt=8
Tiggly Safari: Preschool Shapes Learning Game,716679050,14,,https://itunes.apple.com/us/app/tiggly-safari-preschool-shapes-learning-game/id716679050?mt=8
Tiggly Shape's Got Talent,983631516,14,,https://itunes.apple.com/us/app/tiggly-shapes-got-talent/id983631516?mt=8
Tiggly Stamp,716727860,14,,https://itunes.apple.com/us/app/tiggly-stamp/id716727860?mt=8
Tiggly Story Maker: Make Words and Capture Your St,969256436,14,,https://itunes.apple.com/us/app/tiggly-story-maker-make-words-capture-your-stories/id969256436?mt=8
Tiggly Submarine: Preschool ABC Game,966609991,14,,https://itunes.apple.com/us/app/tiggly-submarine-preschool-abc-game/id966609991?mt=8
Time Timer,332520417,"2, a, d",,https://itunes.apple.com/us/app/time-timer/id332520417?mt=8
Timeline 3D: Education Edition,522442098,"5, a",,https://itunes.apple.com/us/app/timeline-3d-education-edition/id522442098?mt=8
Toca Band,521640648,6,,https://itunes.apple.com/us/app/toca-band/id521640648?mt=8
Toca Birthday Party,469933147,6,,https://itunes.apple.com/us/app/toca-birthday-party/id469933147?mt=8
Toca Blocks,1057925633,6,,https://itunes.apple.com/us/app/toca-blocks/id1057925633?mt=8
Toca Boo,919097064,6,,https://itunes.apple.com/us/app/toca-boo/id919097064?mt=8
Toca Builders,652077009,6,,https://itunes.apple.com/us/app/toca-builders/id652077009?mt=8
Toca Cars,689936776,6,,https://itunes.apple.com/us/app/toca-cars/id689936776?mt=8
Toca Dance Free,1091215595,6,,https://itunes.apple.com/us/app/toca-dance-free/id1091215595?mt=8
Toca Doctor HD,430807533,6,,https://itunes.apple.com/us/app/toca-doctor-hd/id430807533?mt=8
Toca Hair Salon,426382105,6,,https://itunes.apple.com/us/app/toca-hair-salon/id426382105?mt=8
Toca Hair Salon 2,569632660,6,,https://itunes.apple.com/us/app/toca-hair-salon-2/id569632660?mt=8
Toca House,495680460,6,,https://itunes.apple.com/us/app/toca-house/id495680460?mt=8
Toca Kitchen,476553281,6,,https://itunes.apple.com/us/app/toca-kitchen/id476553281?mt=8
Toca Kitchen 2,943869618,6,,https://itunes.apple.com/us/app/toca-kitchen-2/id943869618?mt=8
Toca Kitchen Monsters,510301841,6,,https://itunes.apple.com/us/app/toca-kitchen-monsters/id510301841?mt=8
Toca Lab: Elements,748057890,6,,https://itunes.apple.com/us/app/toca-lab-elements/id748057890?mt=8
Toca Lab: Elements,748057890,11,,https://itunes.apple.com/us/app/toca-lab-elements/id748057890?mt=8
Toca Lab: Plants,1225994089,6,,https://itunes.apple.com/us/app/toca-lab-plants/id1225994089?mt=8
Toca Lab: Plants,1225994089,11,,https://itunes.apple.com/us/app/toca-lab-plants/id1225994089?mt=8
Toca Life: City,988318940,6,,https://itunes.apple.com/us/app/toca-life-city/id988318940?mt=8
Toca Life: School,1043579926,6,,https://itunes.apple.com/us/app/toca-life-school/id1043579926?mt=8
Toca Life: Stable,1156110079,6,,https://itunes.apple.com/us/app/toca-life-stable/id1156110079?mt=8
Toca Life: Town,871694174,6,,https://itunes.apple.com/us/app/toca-life-town/id871694174?mt=8
Toca Life: Vacation,1114886979,6,,https://itunes.apple.com/us/app/toca-life-vacation/id1114886979?mt=8
Toca Nature,893927401,6,,https://itunes.apple.com/us/app/toca-nature/id893927401?mt=8
Toca Robot Lab,434826169,6,,https://itunes.apple.com/us/app/toca-robot-lab/id434826169?mt=8
Toca Store,442705759,6,,https://itunes.apple.com/dm/app/toca-store/id442705759?mt=8
Toca Tailor,556430416,6,,https://itunes.apple.com/us/app/toca-tailor/id556430416?mt=8
Toca Tailor Fairy Tales,569631758,6,,https://itunes.apple.com/us/app/toca-tailor-fairy-tales/id569631758?mt=8
Toddler Counting 123 - Learn to count for kids!,536476423,19,,https://itunes.apple.com/us/app/toddler-counting-123-learn-to-count-for-kids/id536476423?mt=8
Toddler Learning Games Ask Me Color & Shape Games,689592594,14,,https://itunes.apple.com/us/app/toddler-learning-games-ask-me-color-shape-games/id689592594?mt=8
Tools 4 Students,472911218,"5, a",,https://itunes.apple.com/us/app/tools-4-students/id472911218?mt=8
ToonCamera,392538848,"8, a",,https://itunes.apple.com/us/app/tooncamera/id392538848?mt=8
Toontastic 3D,1145104532,"8, a, c",,https://itunes.apple.com/us/app/toontastic-3d/id1145104532?mt=8
TouchChat HD,398860728,"3, h",,https://itunes.apple.com/us/app/touchchat-hd-aac/id398860728?mt=8
TouchChat HD - Lite,427022529,"3, h",,https://itunes.apple.com/us/app/touchchat-hd-lite/id427022529?mt=8
Train Conductor,344442490,6,,https://itunes.apple.com/us/app/train-conductor/id344442490?mt=8
Train Conductor 2: USA,378772227,6,,https://itunes.apple.com/us/app/train-conductor-2-usa/id378772227?mt=8
TutoTod — Easy Crafts for Kids,1007677934,8,,https://itunes.apple.com/us/app/tutotod-easy-crafts-for-kids/id1007677934?mt=8
Unit converter - Calculator,417794697,19,,https://itunes.apple.com/us/app/unit-converter-calculator/id417794697?mt=8
Universal Breathing - Pranayama Lite,435871685,10,,https://itunes.apple.com/us/app/universal-breathing-pranayama-lite/id435871685?mt=8
Vehicle Maze - Find a route through the maze,1186201607,14,,https://itunes.apple.com/us/app/vehicle-maze-find-a-route-through-the-maze/id1186201607?mt=8
Vernier Video Physics,389784247,"11, a",,https://itunes.apple.com/us/app/vernier-video-physics/id389784247?mt=8
Visual Schedule Planner,488646282,"1, a, d, h",,https://itunes.apple.com/us/app/visual-schedule-planner/id488646282?mt=8&ign-mpt=uo%3D4
Visual Timer,1020301243,2,,https://itunes.apple.com/us/app/visual-timer-time-tracker-pro/id1020301243?mt=8
Voice Dream,496177674,"7, b, f",,https://itunes.apple.com/us/app/voice-dream-reader/id496177674?mt=8
What's Hiding?,416444482,19,,https://itunes.apple.com/us/app/whats-hiding/id416444482?mt=8
Wheels on the Bus HD,371962250,14,,https://itunes.apple.com/us/app/wheels-on-the-bus-hd/id371962250?mt=8
Where's My Water? 2,638853147,6,,https://itunes.apple.com/us/app/wheres-my-water-2/id638853147?mt=8
White Noise Lite,292987597,"10, d",White Noise+ also available,https://itunes.apple.com/us/app/white-noise-lite/id292987597?mt=8
Word Wizard,447312716,5,,https://itunes.apple.com/us/app/word-wizard-for-kids/id447312716?mt=8
Word Wizard for Kids,447312716,18,,https://itunes.apple.com/us/app/word-wizard-for-kids/id447312716?mt=8
WordFoto,414002091,"8, a",,https://itunes.apple.com/us/app/wordfoto/id414002091?mt=8
Write My Name,500623496,14,,https://itunes.apple.com/us/app/write-my-name/id500623496?mt=8
Writing Wizard,631446426,5,,https://itunes.apple.com/us/app/writing-wizard-for-kids/id631446426?mt=8
Writing Wizard for Kids,631446426,18,,https://itunes.apple.com/us/app/writing-wizard-for-kids/id631446426?mt=8
Wunderlist: To-Do List & Tasks,406644151,1,,https://itunes.apple.com/us/app/wunderlist-to-do-list-tasks/id406644151?mt=8
Xylo - Cutie Monsters Xylophone Fun,976472199,12,,https://itunes.apple.com/us/app/xylo-cutie-monsters-xylophone-fun/id976472199?mt=8
Aipoly,1069166437,"17, f",,https://itunes.apple.com/us/app/aipoly-vision-sight-for-blind-visually-impaired/id1069166437?mt=8
,,,,